run_date,route_key,route,state,access,fixture_id,viewer_id,dynamic_values,viewport,screenshot_file,console_errors,page_errors,failed_requests,horizontal_overflow_px,reduced_motion_checked,keyboard_checked,touch_targets_checked,status,notes
2026-10-03,001,/,landing--signed-out,public,,,,desktop,desktop/001-landing-signed-out.png,0,0,0,0,true,true,true,pass,
2026-10-03,002,/product,product--signed-out,public,,,,desktop,desktop/002-product-signed-out.png,0,0,0,0,true,true,true,pass,
2026-10-03,003,/install,install--signed-out,public,,,,desktop,desktop/003-install-signed-out.png,0,0,0,0,true,true,true,pass,
2026-10-03,004,/privacy,privacy--signed-out,public,,,,desktop,desktop/004-privacy-signed-out.png,0,0,0,0,true,true,true,pass,
2026-10-03,005,/terms,terms--signed-out,public,,,,desktop,desktop/005-terms-signed-out.png,0,0,0,0,true,true,true,pass,
2026-10-03,006,/support,support--signed-out,public,,,,desktop,desktop/006-support-signed-out.png,0,0,0,0,true,true,true,pass,
2026-10-03,007,/account,account--signed-out,public,,,,desktop,desktop/007-account-signed-out.png,0,0,0,0,true,true,true,pass,
2026-10-03,008,/account/deleted,account-deleted,public,,,,desktop,desktop/008-account-deleted.png,0,0,0,0,true,true,true,pass,
2026-10-03,009,/account/appeal,account-appeal--signed-out,public,,,,desktop,desktop/009-account-appeal-signed-out.png,2,0,0,0,true,false,false,review,First control focus indicator needs manual review. First control is below 44px or no control exists; manual route review required. Console errors: Failed to load resource: the server responded with a status of 503 (Service Unavailable) | Failed to load resource: the server responded with a status of 404 (Not Found)
2026-10-03,010,/capability-check,capability-check--signed-out,public,,,,desktop,desktop/010-capability-check-signed-out.png,0,0,0,0,true,true,true,pass,
2026-10-03,011,/mcp/authorize,mcp-authorize--missing-callback,public,,,,desktop,desktop/011-mcp-authorize-missing-callback.png,0,0,0,0,true,true,true,pass,Expected recovery or not-found state.
2026-10-03,012,/i/not-a-valid-token,invite--invalid-token,public,,,,desktop,desktop/012-invite-invalid-token.png,1,0,0,0,true,true,true,pass,Expected recovery or not-found state. Console errors: Failed to load resource: the server responded with a status of 404 (Not Found)
2026-10-03,013,/map,map--current,public,,,,desktop,desktop/013-map-current.png,0,0,0,0,true,true,true,pass,
2026-10-03,014,/graph,graph--current,public,,,,desktop,desktop/014-graph-current.png,0,0,0,0,true,true,true,pass,
2026-10-03,018,/builders/not-a-real-builder,builder--unavailable,public,,,,desktop,desktop/018-builder-unavailable.png,1,0,0,0,true,true,true,pass,Expected recovery or not-found state. Console errors: Failed to load resource: the server responded with a status of 404 (Not Found)
2026-10-03,020,/projects/not-a-real-project,project--unavailable,public,,,,desktop,desktop/020-project-unavailable.png,1,0,0,0,true,true,true,pass,Expected recovery or not-found state. Console errors: Failed to load resource: the server responded with a status of 404 (Not Found)
2026-10-03,028,/rooms/not-a-real-room,room--unavailable,public,,,,desktop,desktop/028-room-unavailable.png,1,0,0,0,true,false,false,review,Expected recovery or not-found state. First control focus indicator needs manual review. First control is below 44px or no control exists; manual route review required. Console errors: Failed to load resource: the server responded with a status of 503 (Service Unavailable)
2026-10-03,032,/circles/not-a-real-circle,circle--unavailable,public,,,,desktop,desktop/032-circle-unavailable.png,1,0,0,0,true,false,false,review,Expected recovery or not-found state. First control focus indicator needs manual review. First control is below 44px or no control exists; manual route review required. Console errors: Failed to load resource: the server responded with a status of 503 (Service Unavailable)
2026-10-03,042,/this-route-does-not-exist,framework-not-found,public,,,,desktop,desktop/042-framework-not-found.png,1,0,0,0,true,true,true,pass,Expected recovery or not-found state. Console errors: Failed to load resource: the server responded with a status of 404 (Not Found)
2026-10-03,001,/,setup-prompt-dialog,public,,,,desktop,desktop/001-setup-prompt-dialog.png,0,0,0,0,true,true,true,pass,
2026-10-03,003,/install,setup-prompt-dialog,public,,,,desktop,desktop/003-setup-prompt-dialog.png,0,0,0,0,true,true,true,pass,
2026-10-03,007,/account,account--signed-in,authenticated,shared-populated-network,catalog-chromium-desktop-1790985669145,,desktop,desktop/007-account-signed-in.png,0,0,0,0,true,true,true,pass,
2026-10-03,009,/account/appeal,account-appeal--no-outcome,authenticated,shared-populated-network,catalog-chromium-desktop-1790985669145,,desktop,desktop/009-account-appeal-no-outcome.png,0,0,0,0,true,true,true,pass,
2026-10-03,010,/capability-check,capability-check--signed-in,authenticated,shared-populated-network,catalog-chromium-desktop-1790985669145,,desktop,desktop/010-capability-check-signed-in.png,0,0,0,0,true,true,true,pass,
2026-10-03,011,/mcp/authorize?return_to=https%3A%2F%2Fexample.com%2Fcallback,mcp-authorize--signed-in,authenticated,shared-populated-network,catalog-chromium-desktop-1790985669145,,desktop,desktop/011-mcp-authorize-signed-in.png,0,0,0,0,true,true,true,pass,
2026-10-03,012,/i/yEM9zN8s6GG6OK-48hJ3fsdCiNh-GfbY,invite--valid-signed-in,authenticated,shared-populated-network,catalog-chromium-desktop-1790985669145,,desktop,desktop/012-invite-valid-signed-in.png,0,0,0,0,true,true,true,pass,
2026-10-03,015,/profile,profile-redirect,authenticated,shared-populated-network,catalog-chromium-desktop-1790985669145,,desktop,desktop/015-profile-redirect.png,0,0,0,0,true,true,true,pass,
2026-10-03,016,/profile/edit,profile-edit--populated,authenticated,shared-populated-network,catalog-chromium-desktop-1790985669145,,desktop,desktop/016-profile-edit-populated.png,0,0,0,0,true,true,true,pass,
2026-10-03,017,/profile/design,profile-design--no-generated-design,authenticated,shared-populated-network,catalog-chromium-desktop-1790985669145,,desktop,desktop/017-profile-design-no-generated-design.png,0,0,0,0,true,true,true,pass,
2026-10-03,018,/builders/tester_e132272bbdeb,builder--owner-fallback,authenticated,shared-populated-network,catalog-chromium-desktop-1790985669145,,desktop,desktop/018-builder-owner-fallback.png,0,0,0,0,true,true,true,pass,
2026-10-03,019,/projects/new,project-new--empty,authenticated,shared-populated-network,catalog-chromium-desktop-1790985669145,,desktop,desktop/019-project-new-empty.png,0,0,0,0,true,true,true,pass,
2026-10-03,020,/projects/catalog-chromiumdesktop1790985669379,project--owner-populated,authenticated,shared-populated-network,catalog-chromium-desktop-1790985669145,,desktop,desktop/020-project-owner-populated.png,0,0,0,0,true,true,true,pass,
2026-10-03,021,/projects/catalog-chromiumdesktop1790985669379/edit,project-edit--owner,authenticated,shared-populated-network,catalog-chromium-desktop-1790985669145,,desktop,desktop/021-project-edit-owner.png,0,0,0,0,true,true,true,pass,
2026-10-03,022,/projects/catalog-chromiumdesktop1790985669379/collaboration,project-collaboration--unavailable-for-owner,authenticated,shared-populated-network,catalog-chromium-desktop-1790985669145,,desktop,desktop/022-project-collaboration-unavailable-for-owner.png,1,0,0,0,true,true,true,pass,Expected recovery or not-found state. Console errors: Failed to load resource: the server responded with a status of 404 (Not Found)
2026-10-03,023,/onboarding,onboarding--current-authoritative-state,authenticated,shared-populated-network,catalog-chromium-desktop-1790985669145,,desktop,desktop/023-onboarding-current-authoritative-state.png,0,0,0,0,true,true,true,pass,
2026-10-03,024,/onboarding/manual,onboarding-manual--current-state,authenticated,shared-populated-network,catalog-chromium-desktop-1790985669145,,desktop,desktop/024-onboarding-manual-current-state.png,0,0,0,0,true,true,true,pass,
2026-10-03,025,/home,home--populated,authenticated,shared-populated-network,catalog-chromium-desktop-1790985669145,,desktop,desktop/025-home-populated.png,0,0,0,0,true,true,true,pass,
2026-10-03,026,/matches,introductions--ranked-and-pending,authenticated,shared-populated-network,catalog-chromium-desktop-1790985669145,,desktop,desktop/026-introductions-ranked-and-pending.png,0,0,0,0,true,true,true,pass,
2026-10-03,027,/connections,connections--active,authenticated,shared-populated-network,catalog-chromium-desktop-1790985669145,,desktop,desktop/027-connections-active.png,0,0,0,0,true,true,true,pass,
2026-10-03,028,/rooms/e2e_room_51a0d2249a0c43779a52e132272bbdeb,room--populated,authenticated,shared-populated-network,catalog-chromium-desktop-1790985669145,,desktop,desktop/028-room-populated.png,0,0,0,0,true,true,true,pass,
2026-10-03,029,/inbox,activity--mixed-unread,authenticated,shared-populated-network,catalog-chromium-desktop-1790985669145,,desktop,desktop/029-activity-mixed-unread.png,0,0,0,0,true,true,true,pass,
2026-10-03,030,/invite,invite--history,authenticated,shared-populated-network,catalog-chromium-desktop-1790985669145,,desktop,desktop/030-invite-history.png,0,0,0,0,true,true,true,pass,
2026-10-03,031,/circles,circles--invitation-and-active,authenticated,shared-populated-network,catalog-chromium-desktop-1790985669145,,desktop,desktop/031-circles-invitation-and-active.png,0,0,0,0,true,true,true,pass,
2026-10-03,032,/circles/e2e_circle_active_51a0d2249a0c43779a52e132272bbdeb,circle--owner-populated,authenticated,shared-populated-network,catalog-chromium-desktop-1790985669145,,desktop,desktop/032-circle-owner-populated.png,0,0,0,0,true,true,true,pass,
2026-10-03,033,/settings/privacy,privacy-settings--populated,authenticated,shared-populated-network,catalog-chromium-desktop-1790985669145,,desktop,desktop/033-privacy-settings-populated.png,0,0,0,0,true,true,true,pass,
2026-10-03,034,/settings/automation,work-pulse-settings--default,authenticated,shared-populated-network,catalog-chromium-desktop-1790985669145,,desktop,desktop/034-work-pulse-settings-default.png,0,0,0,0,true,true,true,pass,
2026-10-03,035,/settings/connections,codex-connection--disconnected,authenticated,shared-populated-network,catalog-chromium-desktop-1790985669145,,desktop,desktop/035-codex-connection-disconnected.png,0,0,0,0,true,true,true,pass,
2026-10-03,036,/settings/safety,safety--empty,authenticated,shared-populated-network,catalog-chromium-desktop-1790985669145,,desktop,desktop/036-safety-empty.png,0,0,0,0,true,true,true,pass,
2026-10-03,037,/operator/moderation,moderation--normal-user-not-found,authenticated,shared-populated-network,catalog-chromium-desktop-1790985669145,,desktop,desktop/037-moderation-normal-user-not-found.png,1,0,0,0,true,true,true,pass,Expected recovery or not-found state. Console errors: Failed to load resource: the server responded with a status of 404 (Not Found)
2026-10-03,038,/operator/idempotency-recovery,recovery--normal-user-not-found,authenticated,shared-populated-network,catalog-chromium-desktop-1790985669145,,desktop,desktop/038-recovery-normal-user-not-found.png,1,0,0,0,true,true,true,pass,Expected recovery or not-found state. Console errors: Failed to load resource: the server responded with a status of 404 (Not Found)
2026-10-03,039,/surface-lab,surface-lab--fixture,authenticated,shared-populated-network,catalog-chromium-desktop-1790985669145,,desktop,desktop/039-surface-lab-fixture.png,0,0,0,0,true,true,true,pass,
2026-10-03,001,/,landing--signed-out,public,,,,phone,phone/001-landing-signed-out.png,0,0,0,0,true,true,true,pass,
2026-10-03,002,/product,product--signed-out,public,,,,phone,phone/002-product-signed-out.png,0,0,0,0,true,true,true,pass,
2026-10-03,003,/install,install--signed-out,public,,,,phone,phone/003-install-signed-out.png,0,0,0,0,true,true,true,pass,
2026-10-03,004,/privacy,privacy--signed-out,public,,,,phone,phone/004-privacy-signed-out.png,0,0,0,0,true,true,true,pass,
2026-10-03,005,/terms,terms--signed-out,public,,,,phone,phone/005-terms-signed-out.png,0,0,0,0,true,true,true,pass,
2026-10-03,006,/support,support--signed-out,public,,,,phone,phone/006-support-signed-out.png,0,0,0,0,true,true,true,pass,
2026-10-03,007,/account,account--signed-out,public,,,,phone,phone/007-account-signed-out.png,0,0,0,0,true,true,true,pass,
2026-10-03,008,/account/deleted,account-deleted,public,,,,phone,phone/008-account-deleted.png,0,0,0,0,true,true,true,pass,
2026-10-03,009,/account/appeal,account-appeal--signed-out,public,,,,phone,phone/009-account-appeal-signed-out.png,2,0,0,1,true,false,false,review,First control focus indicator needs manual review. First control is below 44px or no control exists; manual route review required. Console errors: Failed to load resource: the server responded with a status of 503 (Service Unavailable) | Failed to load resource: the server responded with a status of 404 (Not Found)
2026-10-03,010,/capability-check,capability-check--signed-out,public,,,,phone,phone/010-capability-check-signed-out.png,0,0,0,0,true,true,true,pass,
2026-10-03,011,/mcp/authorize,mcp-authorize--missing-callback,public,,,,phone,phone/011-mcp-authorize-missing-callback.png,0,0,0,0,true,true,true,pass,Expected recovery or not-found state.
2026-10-03,012,/i/not-a-valid-token,invite--invalid-token,public,,,,phone,phone/012-invite-invalid-token.png,1,0,0,0,true,true,true,pass,Expected recovery or not-found state. Console errors: Failed to load resource: the server responded with a status of 404 (Not Found)
2026-10-03,013,/map,map--current,public,,,,phone,phone/013-map-current.png,0,0,0,0,true,true,true,pass,
2026-10-03,014,/graph,graph--current,public,,,,phone,phone/014-graph-current.png,0,0,0,0,true,true,true,pass,
2026-10-03,018,/builders/not-a-real-builder,builder--unavailable,public,,,,phone,phone/018-builder-unavailable.png,1,0,0,0,true,true,true,pass,Expected recovery or not-found state. Console errors: Failed to load resource: the server responded with a status of 404 (Not Found)
2026-10-03,020,/projects/not-a-real-project,project--unavailable,public,,,,phone,phone/020-project-unavailable.png,1,0,0,0,true,true,true,pass,Expected recovery or not-found state. Console errors: Failed to load resource: the server responded with a status of 404 (Not Found)
2026-10-03,028,/rooms/not-a-real-room,room--unavailable,public,,,,phone,phone/028-room-unavailable.png,1,0,0,1,true,false,false,review,Expected recovery or not-found state. First control focus indicator needs manual review. First control is below 44px or no control exists; manual route review required. Console errors: Failed to load resource: the server responded with a status of 503 (Service Unavailable)
2026-10-03,032,/circles/not-a-real-circle,circle--unavailable,public,,,,phone,phone/032-circle-unavailable.png,1,0,0,1,true,false,false,review,Expected recovery or not-found state. First control focus indicator needs manual review. First control is below 44px or no control exists; manual route review required. Console errors: Failed to load resource: the server responded with a status of 503 (Service Unavailable)
2026-10-03,042,/this-route-does-not-exist,framework-not-found,public,,,,phone,phone/042-framework-not-found.png,1,0,0,0,true,true,true,pass,Expected recovery or not-found state. Console errors: Failed to load resource: the server responded with a status of 404 (Not Found)
2026-10-03,001,/,setup-prompt-dialog,public,,,,phone,phone/001-setup-prompt-dialog.png,0,0,0,0,true,true,true,pass,
2026-10-03,003,/install,setup-prompt-dialog,public,,,,phone,phone/003-setup-prompt-dialog.png,0,0,0,0,true,true,true,pass,
2026-10-03,007,/account,account--signed-in,authenticated,shared-populated-network,catalog-chromium-phone-1790985746249,,phone,phone/007-account-signed-in.png,0,0,0,0,true,true,true,pass,
2026-10-03,009,/account/appeal,account-appeal--no-outcome,authenticated,shared-populated-network,catalog-chromium-phone-1790985746249,,phone,phone/009-account-appeal-no-outcome.png,0,0,0,0,true,true,true,pass,
2026-10-03,010,/capability-check,capability-check--signed-in,authenticated,shared-populated-network,catalog-chromium-phone-1790985746249,,phone,phone/010-capability-check-signed-in.png,0,0,0,0,true,true,true,pass,
2026-10-03,011,/mcp/authorize?return_to=https%3A%2F%2Fexample.com%2Fcallback,mcp-authorize--signed-in,authenticated,shared-populated-network,catalog-chromium-phone-1790985746249,,phone,phone/011-mcp-authorize-signed-in.png,0,0,0,0,true,true,true,pass,
2026-10-03,012,/i/mNr7Z_77a4vXOfSaKUcYnUopEfZqeMWO,invite--valid-signed-in,authenticated,shared-populated-network,catalog-chromium-phone-1790985746249,,phone,phone/012-invite-valid-signed-in.png,0,0,0,0,true,true,true,pass,
2026-10-03,015,/profile,profile-redirect,authenticated,shared-populated-network,catalog-chromium-phone-1790985746249,,phone,phone/015-profile-redirect.png,0,0,0,0,true,true,true,pass,
2026-10-03,016,/profile/edit,profile-edit--populated,authenticated,shared-populated-network,catalog-chromium-phone-1790985746249,,phone,phone/016-profile-edit-populated.png,0,0,0,0,true,true,true,pass,
2026-10-03,017,/profile/design,profile-design--no-generated-design,authenticated,shared-populated-network,catalog-chromium-phone-1790985746249,,phone,phone/017-profile-design-no-generated-design.png,0,0,0,0,true,true,true,pass,
2026-10-03,018,/builders/tester_01940badf9ab,builder--owner-fallback,authenticated,shared-populated-network,catalog-chromium-phone-1790985746249,,phone,phone/018-builder-owner-fallback.png,0,0,0,0,true,true,true,pass,
2026-10-03,019,/projects/new,project-new--empty,authenticated,shared-populated-network,catalog-chromium-phone-1790985746249,,phone,phone/019-project-new-empty.png,0,0,0,0,true,true,true,pass,
2026-10-03,020,/projects/catalog-chromiumphone1790985746465,project--owner-populated,authenticated,shared-populated-network,catalog-chromium-phone-1790985746249,,phone,phone/020-project-owner-populated.png,0,0,0,0,true,true,true,pass,
2026-10-03,021,/projects/catalog-chromiumphone1790985746465/edit,project-edit--owner,authenticated,shared-populated-network,catalog-chromium-phone-1790985746249,,phone,phone/021-project-edit-owner.png,0,0,0,0,true,true,true,pass,
2026-10-03,022,/projects/catalog-chromiumphone1790985746465/collaboration,project-collaboration--unavailable-for-owner,authenticated,shared-populated-network,catalog-chromium-phone-1790985746249,,phone,phone/022-project-collaboration-unavailable-for-owner.png,1,0,0,0,true,true,true,pass,Expected recovery or not-found state. Console errors: Failed to load resource: the server responded with a status of 404 (Not Found)
2026-10-03,023,/onboarding,onboarding--current-authoritative-state,authenticated,shared-populated-network,catalog-chromium-phone-1790985746249,,phone,phone/023-onboarding-current-authoritative-state.png,0,0,0,0,true,true,true,pass,
2026-10-03,024,/onboarding/manual,onboarding-manual--current-state,authenticated,shared-populated-network,catalog-chromium-phone-1790985746249,,phone,phone/024-onboarding-manual-current-state.png,0,0,0,0,true,true,true,pass,
2026-10-03,025,/home,home--populated,authenticated,shared-populated-network,catalog-chromium-phone-1790985746249,,phone,phone/025-home-populated.png,0,0,0,0,true,true,true,pass,
2026-10-03,026,/matches,introductions--ranked-and-pending,authenticated,shared-populated-network,catalog-chromium-phone-1790985746249,,phone,phone/026-introductions-ranked-and-pending.png,0,0,0,0,true,true,true,pass,
2026-10-03,027,/connections,connections--active,authenticated,shared-populated-network,catalog-chromium-phone-1790985746249,,phone,phone/027-connections-active.png,0,0,0,0,true,true,true,pass,
2026-10-03,028,/rooms/e2e_room_787c10576d1a413bbef701940badf9ab,room--populated,authenticated,shared-populated-network,catalog-chromium-phone-1790985746249,,phone,phone/028-room-populated.png,0,0,0,0,true,true,true,pass,
2026-10-03,029,/inbox,activity--mixed-unread,authenticated,shared-populated-network,catalog-chromium-phone-1790985746249,,phone,phone/029-activity-mixed-unread.png,0,0,0,0,true,true,true,pass,
2026-10-03,030,/invite,invite--history,authenticated,shared-populated-network,catalog-chromium-phone-1790985746249,,phone,phone/030-invite-history.png,0,0,0,0,true,true,true,pass,
2026-10-03,031,/circles,circles--invitation-and-active,authenticated,shared-populated-network,catalog-chromium-phone-1790985746249,,phone,phone/031-circles-invitation-and-active.png,0,0,0,0,true,true,true,pass,
2026-10-03,032,/circles/e2e_circle_active_787c10576d1a413bbef701940badf9ab,circle--owner-populated,authenticated,shared-populated-network,catalog-chromium-phone-1790985746249,,phone,phone/032-circle-owner-populated.png,0,0,0,0,true,true,true,pass,
2026-10-03,033,/settings/privacy,privacy-settings--populated,authenticated,shared-populated-network,catalog-chromium-phone-1790985746249,,phone,phone/033-privacy-settings-populated.png,0,0,0,0,true,true,true,pass,
2026-10-03,034,/settings/automation,work-pulse-settings--default,authenticated,shared-populated-network,catalog-chromium-phone-1790985746249,,phone,phone/034-work-pulse-settings-default.png,0,0,0,0,true,true,true,pass,
2026-10-03,035,/settings/connections,codex-connection--disconnected,authenticated,shared-populated-network,catalog-chromium-phone-1790985746249,,phone,phone/035-codex-connection-disconnected.png,0,0,0,0,true,true,true,pass,
2026-10-03,036,/settings/safety,safety--empty,authenticated,shared-populated-network,catalog-chromium-phone-1790985746249,,phone,phone/036-safety-empty.png,0,0,0,0,true,true,true,pass,
2026-10-03,037,/operator/moderation,moderation--normal-user-not-found,authenticated,shared-populated-network,catalog-chromium-phone-1790985746249,,phone,phone/037-moderation-normal-user-not-found.png,1,0,0,0,true,true,true,pass,Expected recovery or not-found state. Console errors: Failed to load resource: the server responded with a status of 404 (Not Found)
2026-10-03,038,/operator/idempotency-recovery,recovery--normal-user-not-found,authenticated,shared-populated-network,catalog-chromium-phone-1790985746249,,phone,phone/038-recovery-normal-user-not-found.png,1,0,0,0,true,true,true,pass,Expected recovery or not-found state. Console errors: Failed to load resource: the server responded with a status of 404 (Not Found)
2026-10-03,039,/surface-lab,surface-lab--fixture,authenticated,shared-populated-network,catalog-chromium-phone-1790985746249,,phone,phone/039-surface-lab-fixture.png,0,0,0,0,true,true,true,pass,
